<eml:eml xmlns:eml="eml://ecoinformatics.org/eml-2.1.1"
    xmlns:md="eml://ecoinformatics.org/methods-2.1.1"
    xmlns:proj="eml://ecoinformatics.org/project-2.1.1"
    xmlns:d="eml://ecoinformatics.org/dataset-2.1.1"
    xmlns:res="eml://ecoinformatics.org/resource-2.1.1"
    xmlns:dc="http://purl.org/dc/terms/"
    xmlns:xsi="http://www.w3.org/2001/XMLSchema-instance"
    xsi:schemaLocation="eml://ecoinformatics.org/eml-2.1.1 http://rs.gbif.org/schema/eml-gbif-profile/1.0.1/eml.xsd"
    packageId="null/v0" system="http://gbif.org" scope="system" xml:lang="en">

  <dataset>
    <title xml:lang="en">Global Invasive Species Database</title>
    <associatedParty>
      <individualName>
        <givenName>Shyama</givenName>
        <surName>Pagad</surName>
      </individualName>
      <electronicMailAddress>s.pagad@auckland.ac.nz</electronicMailAddress>
      <role>TECHNICAL_POINT_OF_CONTACT</role>
    </associatedParty>
    <creator>
      <individualName>
        <surName></surName>
      </individualName>
      <onlineUrl>http://www.invasivespecies.net</onlineUrl>
    </creator>
    <metadataProvider>
      <individualName>
        <surName></surName>
      </individualName>
    </metadataProvider>
    <pubDate>
      2011-11-20
    </pubDate>
    <language>en</language>
    <abstract>
      <para>The Global Invasive Species Database is a free, online searchable source of information about species that negatively impact biodiversity. The GISD aims to increase public awareness about invasive species and to facilitate effective prevention and management activities by disseminating specialist’s knowledge and experience to a broad global audience. It focuses on invasive alien species that threaten native biodiversity and covers all taxonomic groups from micro-organisms to animals and plants.</para>
    </abstract>
    <contact>
      <individualName>
        <givenName>Lucilla</givenName>
        <surName>Carnevali</surName>
      </individualName>
      <electronicMailAddress>l.carnevali@isprambiente.it</electronicMailAddress>
    </contact>
  </dataset>
  <additionalMetadata>
    <metadata>
      <gbif>
        <dateStamp>2021-01-28T18:04:00.000+01:00</dateStamp>
        <hierarchyLevel>dataset</hierarchyLevel>
        <resourceLogoUrl>http://www.issg.org/picts/issg_logo.gif</resourceLogoUrl>
      </gbif>
    </metadata>
  </additionalMetadata>
</eml:eml>
